﻿Zone;Inflation
Afghanistan;116.211191
Afrique du Sud;119.305
Albanie;103.156067
Algérie;107.875785
Allemagne;102.7
Andorre;103.407339
Angola;169.143161
Anguilla;100.515059
Antigua-et-Barbuda;101.037204
Arabie saoudite;98.1695
Argentine;132.018632
Arm?nie;102.100435
Aruba;97.277616
Australie;101.657561
Autriche;102.700466
Azerbaïdjan;131.288196
Bahamas;98.810458
Bahreïn;103.416876
Bangladesh;108.742323
Barbade;112.036154
Bélarus;120.484145
Belgique;103.0334
Belize;99.127013
Bénin;100.996271
Bhoutan;110.691175
Bolivie (État plurinational de);106.116345
Bosnie-Herzégovine;100.1856
Botswana;106.694068
Brésil;114.2608
Brunéi Darussalam;98.991632
Bulgarie;102.736504
Burkina Faso;103.989722
Burundi;131.912204
Cabo Verde;98.822815
Cambodge;108.659791
Cameroun;100.962938
Canada;100.9975
Chili;104.8185
Chine - RAS de Hong-Kong;103.360148
Chine - RAS de Macao;104.45237
Chine, continentale;102.1545
Chypre;97
Colombie;114.1744
Comores;101.771925
Congo;99.55936
Costa Rica;100.2465
Côite d'Ivoire;104.861762
Croatie;101.9
Curaçao;102.925424
Danemark;102.9
Djibouti;108.71675
Dominique;99.691621
Egypte;162.89327
El Salvador;100.139795
Emirats arabes unis;102.479986
Equateur;103.916028
Espagne;102.3862
Estonie;106.6011
Eswatini;124.26681
Etats-Unis d'Amérique;98.35373
Ethiopie;117.833773
Fédération de Russie;111.4422
Fidji;102.040897
Finlande;97.3
France;101.57
Gabon;99.883357
Gambie;117.476595
Géorgie;108.090359
Ghana;118.943478
Grêce;98.87916
Grenade;97.439194
Groenland;105.582757
Guadeloupe;101.872
Guam;97.854013
Guatemala;119.263902
Guinée;126.043852
Guinée équatoriale;97.783227
Guinée-Bissau;102.522426
Haïti;125.140477
Honduras;102.537912
Hongrie;103.8214
îles Caîmanes;101.047712
îles Cook;101.423143
îles d'aland;98.623742
îles Salomon;102.124233
îles Vierges britanniques;98.577967
Inde;105.957767
Indonésie;109.95489
Iran (République islamique d');120.48468
Iraq;94.868417
Irlande;96.38438
Islande;97.64391
Isra?l;98.10041
Italie;101.5
Jamaïque;107.868452
Japon;102.0201
Jordanie;95.499556
Kazakhstan;123.897191
Kenya;128.101772
Kirghizistan;98.410772
Kiribati;103.017375
Kowe?t;101.40997
Lesotho;119.006176
Lettonie;107.7207
Liban;101.491831
Libéria;112.741945
Libye;173.308552
Lituanie;104.0354
Luxembourg;104.16
Macédoine du Nord;100.33028
Madagascar;115.536497
Malaisie;108.337888
Malawi;127.107062
Maldives;106.57755
Mali;100.487723
Malte;104.540371
Maroc;103.078025
Martinique;102.011642
Maurice;110.997927
Mauritanie;104.465103
Mexique;111.6244
Micronésie;97.221194
Mongolie;103.998392
Monténégro;100.713635
Montserrat;100.112174
Mozambique;147.134075
Myanmar;113.222256
Namibie;116.139596
Népal;107.505182
Nicaragua;101.117839
Niger;104.417838
Nigéria;138.072513
Norvège;104
Nouvelle-Calédonie;103.810165
Nouvelle-Zélande;102.964901
Oman;99.339614
Ouganda;116.862112
Ouzbékistan;122.110126
Pakistan;105.444345
Palaos;103.822491
Palestine;94.962582
Panama;100.842601
Papouasie-Nouvelle-Guinée;108.40826
Paraguay;111.087271
Pays-Bas;104.29
P?rou;106.163655
Philippines;104.337192
Pologne;105.4044
Polynésie française;105.078557
Porto Rico;101.348932
Portugal;101.632
Qatar;98.645527
République arabe syrienne;182.670471
République de Corée;104.0913
République de Moldova;117.182832
République démocratique du Congo;115.140215
République démocratique populaire lao;104.208769
République dominicaine;103.672157
République-Unie de Tanzanie;119.323475
Réunion;101.259958
Roumanie;100.118622
Royaume-Uni de Grande-Bretagne et d'Irlande du Nord;99.5
Rwanda;124.624979
Sainte-Lucie;95.148957
Saint-Kitts-et-Nevis;93.778937
Saint-Marin;103.34263
Saint-Vincent-et-les Grenadines;101.471114
Samoa;106.057411
Sao Tomé-et-Principe;108.156979
Sénégal;104.755737
Serbie;104.208601
Seychelles;99.801268
Sierra Leone;132.458091
Singapour;103.319264
Slovaquie;101.1435
Slov?nie;103.19
Soudan;150.063731
Soudan du Sud;1368.401145
Sri Lanka;116.77677
Su?de;102.6996
Suisse;100.7623
Suriname;194.679313
Tadjikistan;117.595448
Tchad;95.477687
Tchéquie;103.7
Thaïlande;102.052847
Timor-Leste;98.815696
Togo;108.723689
Tonga;112.592319
Trinité-et-Tobago;108.584657
Tunisie;107.031492
Turquie;118.7626
Ukraine;125.362674
Uruguay;111.091554
Vanuatu;108.758504
Venezuela;2072.667056
Viet Nam;99.405473
Yemen;125.776661
Zambie;128.38985
Zimbabwe;98.28461