﻿Zone;Pib_hab
Aruba;38894
;3703
Afghanistan;2058
;4116
Angola;7311
Albanie;12771
Andorre;
Le monde arabe;14379
Émirats arabes unis;67184
Argentine;23597
Arménie;12115
Samoa américaines;
Antigua-et-Barbuda;19840
Australie;48399
Autriche;54173
Azerbaïdjan;14121
Burundi;774
Belgique;50442
Bénin;3045
Burkina Faso;2044
Bangladesh;4895
Bulgarie;21470
Bahreïn;47710
Bahamas;35912
Bosnie-Herzégovine;13754
Bélarus;18356
Belize;7141
Bermudes;81835
Bolivie;8424
Brésil;14525
Barbade;15800
Brunéi Darussalam;60995
Bhoutan;11142
Botswana;15948
République centrafricaine;913
Canada;48317
Europe centrale et les pays baltes;29901
Suisse;69104
Îles Anglo-Normandes;
Chili;24412
Chine;14244
Côte d'Ivoire;4831
Cameroun;3665
Congo;3840
Colombie;14171
Comores;3032
Cabo Verde;6643
Costa Rica;20347
Petits états des Caraïbes;15925
Cuba;
Curacao;24600
Îles Caïmans;69753
Chypre;38288
République tchèque;38825
Allemagne;53071
Djibouti;4905
Dominique;11341
Danemark;55357
République dominicaine;16735
Algérie;11737
Asie de l’Est et Pacifique (hors revenu élevé);12987
de dividende précoce démographique;9092
Asie de l’Est et Pacifique;16351
Europe et Asie centrale (hors revenu élevé);20830
Europe et Asie centrale;34074
Équateur;11618
Égypte;11192
Zone euro;45611
Érythrée;
Espagne;39529
Estonie;33822
Éthiopie;2022
Union européenne;42678
Fragile et les situations de conflit touchées;4417
Finlande;47570
Fidji;13429
France;44577
Îles Féroé;
Micronésie;3373
Gabon;15007
Royaume-Uni;46372
Géorgie;13590
Ghana;5116
Gibraltar;
Guinée;2418
Gambie;2073
Guinée-Bissau;1925
Guinée équatoriale;22551
Grèce;28605
Grenade;16217
Groenland;
Guatemala;8322
Guam;
Guyana;12005
Revenu élevé;48428
Honduras;5562
Pays pauvres très endettés (PPTE);2531
Croatie;27154
Haïti;3153
Hongrie;29501
BIRD seulement;12590
BIRD et IDA;10345
IDA totale;3680
IDA mélange;5047
Indonésie;10936
IDA seulement;2998
Île de Man;
Inde;6183
Non classifié;
Irlande;77749
Iran;15351
Iraq;10526
Islande;55638
Israël;39121
Italie;41581
Jamaïque;9600
Jordanie;10004
Japon;41444
Kazakhstan;24863
Kenya;4204
République kirghize;5047
Cambodge;3928
Kiribati;2069
Saint-Kitts-et-Nevis;26980
Corée;39575
Koweït;50856
Amérique latine et Caraïbes (hors revenu élevé);15311
République démocratique populaire lao;7258
Liban;15954
Libéria;1564
Libye;23468
Sainte-Lucie;14928
Amérique latine et Caraïbes;15929
Pays les moins avancés: classement de l’ONU;2965
Faible revenu;1963
Liechtenstein;
Sri Lanka;12584
Revenu intermédiaire;6629
Revenu faible et intermédiaire;10018
Lesotho;2668
de dividende tardif démographique;16030
Lituanie;33762
Luxembourg;114986
Lettonie;28674
Région administrative spéciale de Macao;114893
Saint-Martin (fr);
Maroc;7312
Monaco;
Moldova;11651
Madagascar;1584
Maldives;18058
Afrique du Nord et Moyen-Orient;16628
Mexique;19721
Îles Marshall;3711
Revenu intermédiaire;10928
Macédoine du Nord;15706
Mali;2247
Malte;43559
Myanmar;4225
Afrique du Nord et Moyen-Orient (hors revenu élevé);10924
Monténégro;19682
Mongolie;11366
Mariannes;
Mozambique;1284
Mauritanie;5109
Maurice;21415
Malawi;1472
Malaisie;26662
Amérique du Nord;58747
Namibie;10171
Nouvelle-Calédonie;
Niger;1163
Nigéria;5190
Nicaragua;6004
Pays-Bas;55089
Norvège;64051
Népal;3565
Nauru;12974
Nouvelle-Zélande;42219
Pays membres de l'OCDE;43336
Oman;33308
Autres petits états;22654
Pakistan;5091
Panama;30447
Pérou;12507
Philippines;8121
Palaos;17768
Papouasie-Nouvelle-Guinée;4285
Pologne;30065
de Pré-dividende démographique;3538
Porto Rico;34364
Corée;
Portugal;33045
Paraguay;12591
Cisjordanie et Gaza;6402
Petits états insulaires du Pacifique;7283
de Post-dividende démographique;47523
Polynésie française;
Qatar;91739
Roumanie;27142
Fédération de Russie;25926
Rwanda;1975
Asie du Sud;5900
Arabie saoudite;47306
Soudan;4599
Sénégal;3204
Singapour;95310
Îles Salomon;2663
Sierra Leone;1634
El Salvador;8454
Saint-Marin;58867
Somalie;1079
Serbie;16611
Afrique subsaharienne (hors revenu élevé);3866
Soudan du Sud;
Afrique subsaharienne;3869
Petits états;20488
Sao Tomé-et-Principe;3953
Suriname;18284
République slovaque;30062
Slovénie;36508
Suède;51948
Eswatini;8408
Sint Maarten (Dutch part);37914
Seychelles;28117
République arabe syrienne;
Îles Turques-et-Caïques;27061
Tchad;1587
Asie de l’Est et Pacifique (BIRD et IDA);13132
Europe et Asie centrale (BIRD et IDA);21925
Togo;2012
Thaïlande;17423
Tadjikistan;3253
Turkménistan;14205
Amérique latine et Caraïbes (BIRD et IDA);15850
Timor-Leste;3177
Afrique du Nord et Moyen-Orient (BIRD et IDA);10979
Tonga;6466
Asie du Sud (BIRD et IDA);5900
Afrique subsaharienne (BIRD et IDA);3869
Trinité-et-Tobago;27278
Tunisie;11234
Turquie;27914
Tuvalu;4010
Tanzanie;2531
Ouganda;2075
Ukraine;11861
Revenu intermédiaire;15310
Uruguay;23010
États-Unis;59915
Ouzbékistan;6841
Saint-Vincent-et-les Grenadines;13102
Venezuela;
Îles Vierges britanniques;
Îles Vierges (EU);
Viet Nam;8996
Vanuatu;3081
Monde;16279
Samoa;6486
Kosovo;10436
Yémen;
Afrique du Sud;13860
Zambie;3485
Zimbabwe;3796