﻿Zone;Pol_stab
Aruba;
Afghanistan;-2.73
Angola;-0.52
Albanie;0.08
Andorre;1.62
Émirats arabes unis;0.63
Argentine;0.04
Arménie;-0.57
Antigua-et-Barbuda;
Australie;0.85
Autriche;0.85
Azerbaïdjan;-0.73
Burundi;-1.41
Belgique;0.59
Bénin;-0.44
Burkina Faso;-1.55
Bangladesh;-0.92
Bulgarie;0.47
Bahreïn;-0.59
Bahamas;0.85
Bosnie-Herzégovine;-0.51
Bélarus;-0.73
Belize;0.51
Bermudes;1.01
Bolivie;-0.47
Brésil;0.14
Barbade;1.13
Brunéi Darussalam;
Bhoutan;
Botswana;1.09
République centrafricaine;-2.18
Canada;1.11
Suisse;0.05
Îles Anglo-Normandes;
Chili;0.07
Chine;-0.29
Côte d'Ivoire;-0.98
Cameroun;-1.53
Congo;-0.90
Colombie;-0.67
Comores;-0.29
Cabo Verde;
Costa Rica;0.76
Petits états des Caraïbes;
Cuba;
Curacao;
Îles Caïmans;
Chypre;0.29
République tchèque;0.92
Allemagne;0.67
Djibouti;-0.32
Dominique;
Danemark;0.94
République dominicaine;
Algérie;-0.86
Équateur;-0.36
Égypte;-1.21
Érythrée;-0.98
Espagne;0.4
Estonie;0.71
Éthiopie;-1.74
Finlande;0.94
Fidji;
France;0.31
Îles Féroé;
Micronésie;
Gabon;-0.08
Royaume-Uni;0.47
Géorgie;-0.43
Ghana;0.13
Gibraltar;
Guinée;-0.64
Gambie;0.25
Guinée-Bissau;
Guinée équatoriale;-0.19
Grèce;0.13
Grenade;1.03
Groenland;
Guatemala;-0.43
Guam;
Guyana;-0.15
Honduras;-0.54
Croatie;0.61
Haïti;-1.04
Hongrie;0.86
Indonésie;-0.50
Inde;-0.86
Irlande;0.98
Iran;-1.67
Iraq;-2.53
Islande;1.39
Israël;-0.83
Italie;0.44
Jamaïque;0.27
Jordanie;-0.32
Japon;1.04
Kazakhstan;-0.26
Kenya;-1.00
Cambodge;-0.24
Kiribati;1.08
Saint-Kitts-et-Nevis;
Corée;0.56
Koweït;
République démocratique populaire lao;
Liban;-1.65
Libéria;-0.37
Libye;-2.48
Liechtenstein;1.70
Sri Lanka;-0.05
Lituanie;0.87
Luxembourg;1.23
Lettonie;0.46
Région administrative spéciale de Macao;1.15
Saint-Martin (fr);
Maroc;-0.33
Monaco;0.88
Moldova;-0.42
Madagascar;-0.46
Maldives;0.41
Mexique;-0.85
Macédoine du Nord;0.10
Mali;-2.15
Malte;0.95
Monténégro;0.00
Mongolie;0.79
Mozambique;-1.16
Mauritanie;-0.75
Maurice;0.89
Malawi;-0.24
Malaisie;0.12
Namibie;0.65
Niger;-1.74
Nigéria;-1.86
Nicaragua;-0.65
Pays-Bas;0.85
Norvège;1.25
Népal;-0.20
Nouvelle-Zélande;1.49
Oman;0.37
Pakistan;-1.85
Panama;0.23
Pérou;-0.29
Philippines;-0.79
Palaos;0.89
Papouasie-Nouvelle-Guinée;
Pologne;0.57
Porto Rico;0.43
Corée;0.56
Portugal;1.03
Paraguay;0.02
Cisjordanie et Gaza;
Qatar;0.67
Roumanie;0.59
Fédération de Russie;-0.73
Rwanda;0.03
Arabie saoudite;-0.66
Soudan;-1.76
Sénégal;-0.02
Singapour;1.47
Sierra Leone;
El Salvador;-0.24
Saint-Marin;0.88
Somalie;-2.52
Serbie;-0.09
Soudan du Sud;-1.76
République slovaque;0.64
Slovénie;0.71
Suède;1.02
Eswatini;
Seychelles;
République arabe syrienne;
Îles Turques-et-Caïques;
Tchad;
Togo;-0.92
Thaïlande;-0.62
Tadjikistan;
Turkménistan;
Timor-Leste;
Tonga;
Trinité-et-Tobago;
Tunisie;-0.63
Turquie;-1.19
Tuvalu;
Tanzanie;-0.41
Ouganda;-0.78
Ukraine;-1.16
Uruguay;1.05
États-Unis;-0.02
Ouzbékistan;-0.44
Saint-Vincent-et-les Grenadines;
Venezuela;-1.52
Viet Nam;-0.07
Vanuatu;
Samoa;1.16
Kosovo;
Yémen;-2.67
Afrique du Sud;-0.24
Zambie;-0.13
Zimbabwe;-1.08