﻿Zone;Taux douane
Aruba;9.99
Afghanistan;
Angola;
Albanie;1.22
Andorre;
Le monde arabe;
Émirats arabes unis;4.56
Argentine;12.73
Arménie;4.6
Samoa américaines;
Antigua-et-Barbuda;11.64
Australie;2.23
Autriche;2.48
Azerbaïdjan;
Burundi;
Belgique;2.48
Bénin;13.63
Burkina Faso;12.41
Bangladesh;
Bulgarie;2.48
Bahreïn;4.08
Bahamas;
Bosnie-Herzégovine;2.88
Bélarus;4.92
Belize;11.09
Bermudes;19.9
Bolivie;10.33
Brésil;13.41
Barbade;
Brunéi Darussalam;0.15
Bhoutan;
Botswana;4.07
République centrafricaine;15.99
Canada;1.99
Europe centrale et les pays baltes;
Suisse;4.8
Îles Anglo-Normandes;
Chili;1.04
Chine;8.46
Côte d'Ivoire;12.84
Cameroun;
Congo;
Colombie;4.39
Comores;10.8
Cabo Verde;
Costa Rica;
Petits états des Caraïbes;
Cuba;9.95
Curacao;
Îles Caïmans;
Chypre;2.48
République tchèque;2.48
Allemagne;2.48
Djibouti;
Dominique;10.43
Danemark;2.48
République dominicaine;6.32
Algérie;12.32
Asie de l’Est et Pacifique (hors revenu élevé);7.36
de dividende précoce démographique;
Asie de l’Est et Pacifique;4.53
Europe et Asie centrale (hors revenu élevé);3.57
Europe et Asie centrale;3.77
Équateur;9.42
Égypte;8.08
Zone euro;
Érythrée;
Espagne;2.48
Estonie;2.48
Éthiopie;
Union européenne;2.48
Fragile et les situations de conflit touchées;
Finlande;2.48
Fidji;14.19
France;2.48
Îles Féroé;
Micronésie;
Gabon;
Royaume-Uni;2.62
Géorgie;
Ghana;12.33
Gibraltar;
Guinée;13.26
Gambie;
Guinée-Bissau;14.44
Guinée équatoriale;
Grèce;2.48
Grenade;
Groenland;
Guatemala;
Guam;
Guyana;9.77
Revenu élevé;3.85
Honduras;
Croatie;2.48
Haïti;
Hongrie;2.48
BIRD seulement;
BIRD et IDA;
IDA totale;
IDA mélange;
Indonésie;5.86
IDA seulement;
Île de Man;
Inde;8.88
Non classifié;
Irlande;2.48
Iran;
Iraq;
Islande;1.29
Israël;1.89
Italie;2.48
Jamaïque;
Jordanie;4.84
Japon;3.69
Kazakhstan;4.79
Kenya;
République kirghize;4.12
Cambodge;
Kiribati;
Saint-Kitts-et-Nevis;13.54
Corée;11.12
Koweït;3.88
Amérique latine et Caraïbes (hors revenu élevé);6.86
République démocratique populaire lao;1.95
Liban;3.46
Libéria;
Libye;
Sainte-Lucie;
Amérique latine et Caraïbes;6.98
Liechtenstein;
Sri Lanka;10.35
Revenu intermédiaire;
Revenu faible et intermédiaire;6.84
Lesotho;2.35
Lituanie;2.48
Luxembourg;2.48
Lettonie;2.48
Maroc;4.34
Monaco;
Moldova;
Madagascar;6.91
Maldives;11.14
Afrique du Nord et Moyen-Orient;5.05
Mexique;2.97
Îles Marshall;
Macédoine du Nord;3.35
Mali;12.82
Malte;2.48
Myanmar;
Afrique du Nord et Moyen-Orient (hors revenu élevé);7.36
Monténégro;1.77
Mongolie;5.06
Mariannes;
Mozambique;
Mauritanie;
Maurice;1.25
Malawi;
Malaisie;
Amérique du Nord;
Namibie;6.05
Nouvelle-Calédonie;
Niger;13.27
Nigéria;
Nicaragua;3.48
Pays-Bas;2.48
Norvège;3.62
Népal;
Nauru;12.5
Nouvelle-Zélande;2.13
Pays membres de l'OCDE;
Oman;3.66
Autres petits états;
Pakistan;
Panama;
Pérou;1.38
Philippines;3.7
Palaos;14.14
Papouasie-Nouvelle-Guinée;
Pologne;2.48
Porto Rico;
Corée;
Portugal;2.48
Paraguay;8.11
Cisjordanie et Gaza;1.86
Polynésie française;6.6
Qatar;4
Roumanie;2.48
Fédération de Russie;5.06
Rwanda;
Asie du Sud;9.62
Arabie saoudite;4.54
Soudan;
Sénégal;13.17
Singapour;0.19
Îles Salomon;10.09
Sierra Leone;
El Salvador;3.69
Saint-Marin;
Somalie;
Serbie;2.78
Afrique subsaharienne (hors revenu élevé);7.76
Soudan du Sud;
Afrique subsaharienne;7.76
Petits états;
Sao Tomé-et-Principe;
Suriname;
République slovaque;2.48
Slovénie;2.48
Suède;2.48
Eswatini;2.98
Sint Maarten (Dutch part);
Seychelles;2.74
République arabe syrienne;
Îles Turques-et-Caïques;
Tchad;
Togo;13.31
Thaïlande;
Tadjikistan;5.08
Turkménistan;
Timor-Leste;
Afrique du Nord et Moyen-Orient (BIRD et IDA);
Tonga;10.89
Asie du Sud (BIRD et IDA);
Afrique subsaharienne (BIRD et IDA);
Trinité-et-Tobago;
Tunisie;
Turquie;2.74
Tuvalu;8.85
Tanzanie;
Ouganda;
Ukraine;2.59
Revenu intermédiaire;6.97
Uruguay;10.02
États-Unis;3.36
Ouzbékistan;
Saint-Vincent-et-les Grenadines;9.38
Venezuela;11.88
Îles Vierges britanniques;
Îles Vierges (EU);
Viet Nam;6.51
Vanuatu;10.14
Monde;5.17
Samoa;12.22
Kosovo;
Yémen;5.47
Afrique du Sud;6.67
Zambie;
Zimbabwe;