﻿Zone;Tourisme
Aruba;1863000
;38258348
Afghanistan;
;
Angola;261000
Albanie;5118000
Andorre;8152000
Le monde arabe;122153140
Émirats arabes unis;21805000
Argentine;6711000
Arménie;1495000
Samoa américaines;20000
Antigua-et-Barbuda;1040000
Australie;8815000
Autriche;29460000
Azerbaïdjan;2697000
Burundi;299000
Belgique;8385000
Bénin;307000
Burkina Faso;143000
Bangladesh;237000
Bulgarie;11596000
Bahreïn;11374000
Bahamas;6136000
Bosnie-Herzégovine;923000
Bélarus;11060000
Belize;1441000
Bermudes;688000
Bolivie;1109000
Brésil;6589000
Barbade;1345000
Brunéi Darussalam;4316000
Bhoutan;255000
Botswana;1775000
République centrafricaine;107000
Canada;31081000
Europe centrale et les pays baltes;293799710
Suisse;11133000
Îles Anglo-Normandes;
Chili;7621000
Chine;153260000
Côte d'Ivoire;1800000
Cameroun;1081000
Congo;351000
Congo;213000
Colombie;4056000
Comores;28000
Cabo Verde;668000
Costa Rica;3231000
Petits états des Caraïbes;18488000
Cuba;4654000
Curacao;1058000
Îles Caïmans;2147000
Chypre;3750000
République tchèque;34701000
Allemagne;37452000
Djibouti;
Dominique;230000
Danemark;30736000
République dominicaine;7296000
Algérie;2451000
Asie de l’Est et Pacifique (hors revenu élevé);267094232
de dividende précoce démographique;326787965
Asie de l’Est et Pacifique;449587159
Europe et Asie centrale (hors revenu élevé);149456828
Europe et Asie centrale;1112981075
Équateur;1806000
Égypte;5399000
Zone euro;617852000
Érythrée;
Espagne;121717000
Estonie;6145000
Éthiopie;933000
Union européenne;910869000
Finlande;3180000
Fidji;1027000
France;207274000
Îles Féroé;
Micronésie;29600
Gabon;
Royaume-Uni;41080000
Géorgie;6483000
Ghana;
Gibraltar;
Guinée;99000
Gambie;522000
Guinée-Bissau;49500
Guinée équatoriale;
Grèce;30161000
Grenade;468000
Groenland;
Guatemala;2120000
Guam;1545000
Guyana;247000
Revenu élevé;1453128423
Honduras;2144000
Pays pauvres très endettés (PPTE);27119321
Croatie;59238000
Haïti;1262000
Hongrie;54962000
BIRD seulement;787599417
BIRD et IDA;889465191
Indonésie;14040000
IDA seulement;50308716
Île de Man;
Inde;15543000
Non classifié;
Irlande;10338000
Iran;4942000
Iraq;
Islande;2353000
Israël;3863000
Italie;89931000
Jamaïque;4276000
Jordanie;4565000
Japon;28691000
Kazakhstan;7701000
Kenya;1449000
République kirghize;4568000
Cambodge;5602000
Kiribati;7500
Saint-Kitts-et-Nevis;1194000
Corée;17242000
Koweït;7407000
Amérique latine et Caraïbes (hors revenu élevé);165093000
République démocratique populaire lao;3869000
Liban;1857000
Libéria;
Libye;
Sainte-Lucie;1064000
Amérique latine et Caraïbes;202720683
Pays les moins avancés: classement de l’ONU;34557521
Faible revenu;14021099
Liechtenstein;79300
Sri Lanka;2248000
Revenu intermédiaire;146764495
Revenu faible et intermédiaire;731331434
Lesotho;1137000
de dividende tardif démographique;508820313
Lituanie;5590000
Luxembourg;1046000
Lettonie;7726000
Région administrative spéciale de Macao;30950000
Saint-Martin (fr);
Maroc;11540000
Monaco;355000
Moldova;145000
Madagascar;285000
Maldives;1390000
Afrique du Nord et Moyen-Orient;127054293
Mexique;99349000
Îles Marshall;6000
Revenu intermédiaire;711194515
Macédoine du Nord;631000
Mali;193000
Malte;2944000
Myanmar;3443000
Afrique du Nord et Moyen-Orient (hors revenu élevé);48550027
Monténégro;1877000
Mongolie;543000
Mariannes;660000
Mozambique;1514000
Mauritanie;
Maurice;1371000
Malawi;837000
Malaisie;25948000
Amérique du Nord;206060750
Namibie;1581000
Nouvelle-Calédonie;121000
Niger;164000
Nigéria;
Nicaragua;1958000
Pays-Bas;17924000
Norvège;6252000
Népal;940000
Nauru;
Nouvelle-Zélande;3723000
Pays membres de l'OCDE;1299260750
Oman;3178000
Autres petits états;49979553
Pakistan;
Panama;2517000
Pérou;4992000
Philippines;6621000
Palaos;123000
Papouasie-Nouvelle-Guinée;182000
Pologne;83804000
de Pré-dividende démographique;
Porto Rico;4927000
Corée;
Portugal;15432000
Paraguay;4744000
Cisjordanie et Gaza;503000
Petits états insulaires du Pacifique;1885809
de Post-dividende démographique;1223167398
Polynésie française;254000
Qatar;2256000
Roumanie;10926000
Fédération de Russie;24390000
Rwanda;1570000
Asie du Sud;23793410
Arabie saoudite;18607000
Soudan;813000
Sénégal;1376000
Singapour;17425000
Îles Salomon;25700
Sierra Leone;59000
El Salvador;2247000
Saint-Marin;1937000
Somalie;
Serbie;1497000
Afrique subsaharienne (hors revenu élevé);52496630
Soudan du Sud;
Afrique subsaharienne;52899581
Petits états;75794208
Sao Tomé-et-Principe;28900
Suriname;279000
République slovaque;15406000
Slovénie;3991000
Suède;7054000
Eswatini;1343000
Sint Maarten (Dutch part);1640000
Seychelles;382000
République arabe syrienne;1291000
Îles Turques-et-Caïques;1243000
Tchad;87000
Asie de l’Est et Pacifique (BIRD et IDA);263898378
Europe et Asie centrale (BIRD et IDA);294608725
Togo;514000
Thaïlande;35592000
Tadjikistan;431000
Turkménistan;
Amérique latine et Caraïbes (BIRD et IDA);175407000
Timor-Leste;73900
Afrique du Nord et Moyen-Orient (BIRD et IDA);48055308
Tonga;86600
Asie du Sud (BIRD et IDA);23053667
Afrique subsaharienne (BIRD et IDA);52899581
Trinité-et-Tobago;465000
Tunisie;7052000
Turquie;37970000
Tuvalu;2500
Tanzanie;1327000
Ouganda;1402000
Ukraine;14579000
Revenu intermédiaire;498471214
Uruguay;4219000
États-Unis;174291750
Ouzbékistan;2690000
Saint-Vincent-et-les Grenadines;303000
Venezuela;429000
Îles Vierges britanniques;335000
Îles Vierges (EU);1954000
Viet Nam;12922000
Vanuatu;332700
Monde;2248870724
Samoa;158000
Kosovo;
Yémen;
Afrique du Sud;14975000
Zambie;1009000
Zimbabwe;2423000