﻿Zone;Taux urbanisation
Aruba;43
;35
Afghanistan;25
;46
Angola;65
Albanie;59
Andorre;88
Le monde arabe;59
Émirats arabes unis;86
Argentine;92
Arménie;63
Samoa américaines;87
Antigua-et-Barbuda;25
Australie;86
Autriche;58
Azerbaïdjan;55
Burundi;13
Belgique;98
Bénin;47
Burkina Faso;29
Bangladesh;36
Bulgarie;75
Bahreïn;89
Bahamas;83
Bosnie-Herzégovine;48
Bélarus;78
Belize;46
Bermudes;100
Bolivie;69
Brésil;86
Barbade;31
Brunéi Darussalam;77
Bhoutan;40
Botswana;69
République centrafricaine;41
Canada;81
Europe centrale et les pays baltes;62
Suisse;74
Îles Anglo-Normandes;31
Chili;87
Chine;58
Côte d'Ivoire;50
Cameroun;56
Congo;66
Colombie;80
Comores;29
Cabo Verde;65
Costa Rica;79
Petits états des Caraïbes;51
Cuba;77
Curacao;89
Îles Caïmans;100
Chypre;67
République tchèque;74
Allemagne;77
Djibouti;78
Dominique;70
Danemark;88
République dominicaine;80
Algérie;72
Asie de l’Est et Pacifique (hors revenu élevé);55
de dividende précoce démographique;45
Asie de l’Est et Pacifique;58
Europe et Asie centrale (hors revenu élevé);67
Europe et Asie centrale;72
Équateur;64
Égypte;43
Zone euro;77
Érythrée;
Espagne;80
Estonie;69
Éthiopie;20
Union européenne;74
Fragile et les situations de conflit touchées;41
Finlande;85
Fidji;56
France;80
Îles Féroé;42
Micronésie;23
Gabon;89
Royaume-Uni;83
Géorgie;58
Ghana;55
Gibraltar;100
Guinée;36
Gambie;61
Guinée-Bissau;43
Guinée équatoriale;72
Grèce;79
Grenade;36
Groenland;87
Guatemala;51
Guam;95
Guyana;27
Revenu élevé;81
Honduras;56
Pays pauvres très endettés (PPTE);36
Croatie;57
Haïti;54
Hongrie;71
BIRD seulement;54
BIRD et IDA;50
IDA totale;36
IDA mélange;42
Indonésie;55
IDA seulement;34
Île de Man;52
Inde;34
Non classifié;
Irlande;63
Iran;74
Iraq;70
Islande;94
Israël;92
Italie;70
Jamaïque;55
Jordanie;91
Japon;92
Kazakhstan;57
Kenya;27
République kirghize;36
Cambodge;23
Kiribati;53
Saint-Kitts-et-Nevis;31
Corée;82
Koweït;100
Amérique latine et Caraïbes (hors revenu élevé);80
République démocratique populaire lao;34
Liban;88
Libéria;51
Libye;80
Sainte-Lucie;19
Amérique latine et Caraïbes;80
Pays les moins avancés: classement de l’ONU;33
Faible revenu;32
Liechtenstein;14
Sri Lanka;18
Revenu intermédiaire;41
Revenu faible et intermédiaire;50
Lesotho;28
de dividende tardif démographique;62
Lituanie;68
Luxembourg;91
Lettonie;68
Région administrative spéciale de Macao;100
Saint-Martin (fr);
Maroc;62
Monaco;100
Moldova;43
Madagascar;37
Maldives;39
Afrique du Nord et Moyen-Orient;65
Mexique;80
Îles Marshall;77
Revenu intermédiaire;52
Macédoine du Nord;58
Mali;42
Malte;95
Myanmar;30
Afrique du Nord et Moyen-Orient (hors revenu élevé);61
Monténégro;66
Mongolie;68
Mariannes;92
Mozambique;35
Mauritanie;53
Maurice;41
Malawi;17
Malaisie;75
Amérique du Nord;82
Namibie;49
Nouvelle-Calédonie;70
Niger;16
Nigéria;50
Nicaragua;58
Pays-Bas;91
Norvège;82
Népal;19
Nauru;100
Nouvelle-Zélande;86
Pays membres de l'OCDE;80
Oman;84
Autres petits états;62
Pakistan;36
Panama;67
Pérou;78
Philippines;47
Palaos;79
Papouasie-Nouvelle-Guinée;13
Pologne;60
de Pré-dividende démographique;41
Porto Rico;94
Corée;61
Portugal;65
Paraguay;61
Cisjordanie et Gaza;76
Petits états insulaires du Pacifique;38
de Post-dividende démographique;81
Polynésie française;62
Qatar;99
Roumanie;54
Fédération de Russie;74
Rwanda;17
Asie du Sud;34
Arabie saoudite;84
Soudan;34
Sénégal;47
Singapour;100
Îles Salomon;23
Sierra Leone;42
El Salvador;71
Saint-Marin;97
Somalie;44
Serbie;56
Afrique subsaharienne (hors revenu élevé);40
Soudan du Sud;19
Afrique subsaharienne;40
Petits états;58
Sao Tomé-et-Principe;72
Suriname;66
République slovaque;54
Slovénie;54
Suède;87
Eswatini;24
Sint Maarten (Dutch part);100
Seychelles;56
République arabe syrienne;54
Îles Turques-et-Caïques;93
Tchad;23
Asie de l’Est et Pacifique (BIRD et IDA);55
Europe et Asie centrale (BIRD et IDA);66
Togo;41
Thaïlande;49
Tadjikistan;27
Turkménistan;51
Amérique latine et Caraïbes (BIRD et IDA);80
Timor-Leste;30
Afrique du Nord et Moyen-Orient (BIRD et IDA);61
Tonga;23
Asie du Sud (BIRD et IDA);34
Afrique subsaharienne (BIRD et IDA);40
Trinité-et-Tobago;53
Tunisie;69
Turquie;75
Tuvalu;62
Tanzanie;33
Ouganda;23
Ukraine;69
Revenu intermédiaire;64
Uruguay;95
États-Unis;82
Ouzbékistan;51
Saint-Vincent-et-les Grenadines;52
Venezuela;88
Îles Vierges britanniques;47
Îles Vierges (EU);96
Viet Nam;35
Vanuatu;25
Monde;55
Samoa;18
Kosovo;
Yémen;35
Afrique du Sud;66
Zambie;43
Zimbabwe;32