﻿Zone;Vegetarian
Aruba;
Afghanistan;
Angola;
Albanie;
Andorre;
Émirats arabes unis;
Argentine;0.12
Arménie;
Antigua-et-Barbuda;
Australie;0.121
Autriche;0.1
Azerbaïdjan;
Burundi;
Belgique;0.07
Bénin;
Burkina Faso;
Bangladesh;
Bulgarie;
Bahreïn;
Bahamas;
Bosnie-Herzégovine;
Bélarus;
Belize;
Bermudes;
Bolivie;
Brésil;0.14
Barbade;
Brunéi Darussalam;
Bhoutan;
Botswana;
République centrafricaine;
Canada;0.076
Suisse;0.05
Îles Anglo-Normandes;
Chili;0.06
Chine;0.05
Côte d'Ivoire;
Cameroun;
Congo;
Colombie;
Comores;
Cabo Verde;
Costa Rica;
Petits états des Caraïbes;
Cuba;
Curacao;
Îles Caïmans;
Chypre;
République tchèque;0.05
Allemagne;0.1
Djibouti;
Dominique;
Danemark;0.1
République dominicaine;
Algérie;
Équateur;
Égypte;
Érythrée;
Espagne;0.014
Estonie;0.06
Éthiopie;
Finlande;0.12
Fidji;
France;0.052
Îles Féroé;
Micronésie;
Gabon;
Royaume-Uni;0.1
Géorgie;
Ghana;
Gibraltar;
Guinée;
Gambie;
Guinée-Bissau;
Guinée équatoriale;
Grèce;0.04
Grenade;
Groenland;
Guatemala;
Guam;
Guyana;
Honduras;
Croatie;
Haïti;
Hongrie;
Indonésie;
IDA seulement;
Île de Man;
Inde;0.3
Non classifié;
Irlande;0.065
Iran;
Iraq;
Islande;
Israël;0.13
Italie;0.089
Jamaïque;0.1
Jordanie;
Japon;0.09
Kazakhstan;
Kenya;
République kirghize;
Cambodge;
Kiribati;
Saint-Kitts-et-Nevis;
Corée;
Koweït;
Amérique latine et Caraïbes (hors revenu élevé);
République démocratique populaire lao;
Liban;
Libéria;
Libye;
Sainte-Lucie;
Amérique latine et Caraïbes;
Faible revenu;
Liechtenstein;
Sri Lanka;
Revenu intermédiaire;
Revenu faible et intermédiaire;
Lesotho;
de dividende tardif démographique;
Lituanie;
Luxembourg;
Lettonie;
Région administrative spéciale de Macao;
Saint-Martin (fr);
Maroc;
Monaco;
Moldova;
Madagascar;
Maldives;
Afrique du Nord et Moyen-Orient;
Mexique;0.19
Îles Marshall;
Revenu intermédiaire;
Macédoine du Nord;
Mali;
Malte;
Myanmar;
Afrique du Nord et Moyen-Orient (hors revenu élevé);
Monténégro;
Mongolie;
Mariannes;
Mozambique;
Mauritanie;
Maurice;
Malawi;
Malaisie;
Amérique du Nord;
Namibie;
Nouvelle-Calédonie;
Niger;
Nigéria;
Nicaragua;
Pays-Bas;0.05
Norvège;0.09
Népal;
Nauru;
Nouvelle-Zélande;0.1
Pays membres de l'OCDE;
Oman;
Autres petits états;
Pakistan;
Panama;
Pérou;
Philippines;
Palaos;
Papouasie-Nouvelle-Guinée;
Pologne;0.084
de Pré-dividende démographique;
Porto Rico;
Corée;0.03
Portugal;0.012
Paraguay;
Cisjordanie et Gaza;
Petits états insulaires du Pacifique;
de Post-dividende démographique;
Polynésie française;
Qatar;
Roumanie;
Fédération de Russie;
Rwanda;
Asie du Sud;
Arabie saoudite;
Soudan;
Sénégal;
Singapour;
Îles Salomon;
Sierra Leone;
El Salvador;
Saint-Marin;
Somalie;
Serbie;
Afrique subsaharienne (hors revenu élevé);
Soudan du Sud;
Afrique subsaharienne;
Petits états;
Sao Tomé-et-Principe;
Suriname;
République slovaque;
Slovénie;0.015
Suède;0.12
Eswatini;
Sint Maarten (Dutch part);
Seychelles;
République arabe syrienne;
Îles Turques-et-Caïques;
Tchad;
Asie de l’Est et Pacifique (BIRD et IDA);
Europe et Asie centrale (BIRD et IDA);
Togo;
Thaïlande;
Tadjikistan;
Turkménistan;
Amérique latine et Caraïbes (BIRD et IDA);
Timor-Leste;
Afrique du Nord et Moyen-Orient (BIRD et IDA);
Tonga;
Asie du Sud (BIRD et IDA);
Afrique subsaharienne (BIRD et IDA);
Trinité-et-Tobago;
Tunisie;
Turquie;
Tuvalu;
Tanzanie;
Ouganda;
Ukraine;0.052
Revenu intermédiaire;
Uruguay;
États-Unis;0.05
Ouzbékistan;
Saint-Vincent-et-les Grenadines;
Venezuela;
Îles Vierges britanniques;
Îles Vierges (EU);
Viet Nam;0.1
Vanuatu;
Monde;
Samoa;
Kosovo;
Yémen;
Afrique du Sud;
Zambie;
Zimbabwe;